date,City Hotel,Resort Hotel,Total
2015-07-01,6.0,34.0,40.0
2015-07-02,1.0,34.0,35.0
2015-07-03,5.0,27.0,32.0
2015-07-04,4.0,36.0,40.0
2015-07-05,0.0,37.0,37.0
2015-07-06,1.0,37.0,38.0
2015-07-07,2.0,23.0,25.0
2015-07-08,7.0,21.0,28.0
2015-07-09,1.0,26.0,27.0
2015-07-10,2.0,37.0,39.0
2015-07-11,9.0,30.0,39.0
2015-07-12,0.0,37.0,37.0
2015-07-13,1.0,36.0,37.0
2015-07-14,0.0,24.0,24.0
2015-07-15,5.0,19.0,24.0
2015-07-16,0.0,37.0,37.0
2015-07-17,3.0,47.0,50.0
2015-07-18,13.0,31.0,44.0
2015-07-19,0.0,32.0,32.0
2015-07-20,2.0,46.0,48.0
2015-07-21,0.0,26.0,26.0
2015-07-22,9.0,19.0,28.0
2015-07-23,10.0,25.0,35.0
2015-07-24,5.0,36.0,41.0
2015-07-25,30.0,37.0,67.0
2015-07-26,2.0,26.0,28.0
2015-07-27,15.0,46.0,61.0
2015-07-28,6.0,20.0,26.0
2015-07-29,9.0,22.0,31.0
2015-07-30,5.0,32.0,37.0
2015-07-31,5.0,41.0,46.0
2015-08-01,10.0,43.0,53.0
2015-08-02,5.0,36.0,41.0
2015-08-03,14.0,46.0,60.0
2015-08-04,9.0,25.0,34.0
2015-08-05,36.0,19.0,55.0
2015-08-06,28.0,17.0,45.0
2015-08-07,29.0,28.0,57.0
2015-08-08,43.0,33.0,76.0
2015-08-09,24.0,43.0,67.0
2015-08-10,52.0,54.0,106.0
2015-08-11,53.0,25.0,78.0
2015-08-12,42.0,16.0,58.0
2015-08-13,23.0,28.0,51.0
2015-08-14,32.0,30.0,62.0
2015-08-15,33.0,45.0,78.0
2015-08-16,21.0,38.0,59.0
2015-08-17,39.0,44.0,83.0
2015-08-18,37.0,22.0,59.0
2015-08-19,35.0,19.0,54.0
2015-08-20,29.0,23.0,52.0
2015-08-21,33.0,27.0,60.0
2015-08-22,26.0,41.0,67.0
2015-08-23,22.0,36.0,58.0
2015-08-24,29.0,33.0,62.0
2015-08-25,33.0,21.0,54.0
2015-08-26,32.0,21.0,53.0
2015-08-27,13.0,24.0,37.0
2015-08-28,16.0,40.0,56.0
2015-08-29,26.0,44.0,70.0
2015-08-30,9.0,38.0,47.0
2015-08-31,36.0,28.0,64.0
2015-09-01,38.0,42.0,80.0
2015-09-02,36.0,21.0,57.0
2015-09-03,40.0,40.0,80.0
2015-09-04,64.0,34.0,98.0
2015-09-05,61.0,25.0,86.0
2015-09-06,30.0,42.0,72.0
2015-09-07,51.0,38.0,89.0
2015-09-08,47.0,19.0,66.0
2015-09-09,59.0,24.0,83.0
2015-09-10,30.0,32.0,62.0
2015-09-11,54.0,29.0,83.0
2015-09-12,36.0,35.0,71.0
2015-09-13,27.0,23.0,50.0
2015-09-14,47.0,35.0,82.0
2015-09-15,52.0,18.0,70.0
2015-09-16,47.0,47.0,94.0
2015-09-17,52.0,42.0,94.0
2015-09-18,45.0,23.0,68.0
2015-09-19,58.0,37.0,95.0
2015-09-20,55.0,19.0,74.0
2015-09-21,63.0,33.0,96.0
2015-09-22,49.0,14.0,63.0
2015-09-23,37.0,35.0,72.0
2015-09-24,37.0,30.0,67.0
2015-09-25,76.0,28.0,104.0
2015-09-26,40.0,30.0,70.0
2015-09-27,24.0,25.0,49.0
2015-09-28,28.0,33.0,61.0
2015-09-29,19.0,28.0,47.0
2015-09-30,44.0,31.0,75.0
2015-10-01,44.0,37.0,81.0
2015-10-02,54.0,27.0,81.0
2015-10-03,19.0,32.0,51.0
2015-10-04,58.0,30.0,88.0
2015-10-05,62.0,29.0,91.0
2015-10-06,45.0,30.0,75.0
2015-10-07,62.0,27.0,89.0
2015-10-08,24.0,37.0,61.0
2015-10-09,46.0,34.0,80.0
2015-10-10,44.0,37.0,81.0
2015-10-11,30.0,33.0,63.0
2015-10-12,63.0,46.0,109.0
2015-10-13,29.0,32.0,61.0
2015-10-14,26.0,36.0,62.0
2015-10-15,50.0,57.0,107.0
2015-10-16,50.0,12.0,62.0
2015-10-17,29.0,8.0,37.0
2015-10-18,47.0,42.0,89.0
2015-10-19,74.0,42.0,116.0
2015-10-20,59.0,25.0,84.0
2015-10-21,34.0,36.0,70.0
2015-10-22,31.0,35.0,66.0
2015-10-23,34.0,34.0,68.0
2015-10-24,24.0,25.0,49.0
2015-10-25,38.0,14.0,52.0
2015-10-26,29.0,20.0,49.0
2015-10-27,19.0,28.0,47.0
2015-10-28,37.0,22.0,59.0
2015-10-29,29.0,25.0,54.0
2015-10-30,27.0,34.0,61.0
2015-10-31,35.0,43.0,78.0
2015-11-01,24.0,22.0,46.0
2015-11-02,22.0,30.0,52.0
2015-11-03,17.0,40.0,57.0
2015-11-04,27.0,13.0,40.0
2015-11-05,30.0,18.0,48.0
2015-11-06,38.0,27.0,65.0
2015-11-07,17.0,48.0,65.0
2015-11-08,14.0,24.0,38.0
2015-11-09,22.0,21.0,43.0
2015-11-10,19.0,18.0,37.0
2015-11-11,22.0,22.0,44.0
2015-11-12,16.0,28.0,44.0
2015-11-13,15.0,11.0,26.0
2015-11-14,19.0,8.0,27.0
2015-11-15,11.0,12.0,23.0
2015-11-16,14.0,40.0,54.0
2015-11-17,29.0,27.0,56.0
2015-11-18,37.0,36.0,73.0
2015-11-19,17.0,22.0,39.0
2015-11-20,31.0,28.0,59.0
2015-11-21,11.0,38.0,49.0
2015-11-22,17.0,12.0,29.0
2015-11-23,80.0,22.0,102.0
2015-11-24,19.0,31.0,50.0
2015-11-25,11.0,26.0,37.0
2015-11-26,20.0,19.0,39.0
2015-11-27,24.0,39.0,63.0
2015-11-28,8.0,34.0,42.0
2015-11-29,9.0,4.0,13.0
2015-11-30,10.0,23.0,33.0
2015-12-01,11.0,26.0,37.0
2015-12-02,18.0,27.0,45.0
2015-12-03,22.0,32.0,54.0
2015-12-04,46.0,20.0,66.0
2015-12-05,81.0,69.0,150.0
2015-12-06,20.0,21.0,41.0
2015-12-07,6.0,16.0,22.0
2015-12-08,12.0,10.0,22.0
2015-12-09,21.0,30.0,51.0
2015-12-10,32.0,16.0,48.0
2015-12-11,24.0,12.0,36.0
2015-12-12,8.0,27.0,35.0
2015-12-13,6.0,9.0,15.0
2015-12-14,12.0,22.0,34.0
2015-12-15,9.0,15.0,24.0
2015-12-16,16.0,18.0,34.0
2015-12-17,17.0,20.0,37.0
2015-12-18,22.0,13.0,35.0
2015-12-19,23.0,25.0,48.0
2015-12-20,12.0,15.0,27.0
2015-12-21,12.0,24.0,36.0
2015-12-22,9.0,40.0,49.0
2015-12-23,17.0,32.0,49.0
2015-12-24,22.0,38.0,60.0
2015-12-25,18.0,17.0,35.0
2015-12-26,50.0,30.0,80.0
2015-12-27,49.0,28.0,77.0
2015-12-28,36.0,28.0,64.0
2015-12-29,54.0,24.0,78.0
2015-12-30,48.0,50.0,98.0
2015-12-31,52.0,28.0,80.0
2016-01-01,22.0,10.0,32.0
2016-01-02,53.0,38.0,91.0
2016-01-03,19.0,24.0,43.0
2016-01-04,30.0,24.0,54.0
2016-01-05,19.0,17.0,36.0
2016-01-06,26.0,17.0,43.0
2016-01-07,19.0,20.0,39.0
2016-01-08,25.0,18.0,43.0
2016-01-09,13.0,26.0,39.0
2016-01-10,18.0,14.0,32.0
2016-01-11,8.0,27.0,35.0
2016-01-12,18.0,32.0,50.0
2016-01-13,14.0,25.0,39.0
2016-01-14,31.0,31.0,62.0
2016-01-15,35.0,31.0,66.0
2016-01-16,25.0,26.0,51.0
2016-01-17,20.0,9.0,29.0
2016-01-18,18.0,27.0,45.0
2016-01-19,70.0,27.0,97.0
2016-01-20,25.0,28.0,53.0
2016-01-21,31.0,23.0,54.0
2016-01-22,25.0,20.0,45.0
2016-01-23,25.0,32.0,57.0
2016-01-24,22.0,7.0,29.0
2016-01-25,37.0,15.0,52.0
2016-01-26,19.0,34.0,53.0
2016-01-27,40.0,20.0,60.0
2016-01-28,25.0,37.0,62.0
2016-01-29,35.0,25.0,60.0
2016-01-30,25.0,19.0,44.0
2016-01-31,17.0,12.0,29.0
2016-02-01,22.0,25.0,47.0
2016-02-02,14.0,33.0,47.0
2016-02-03,41.0,27.0,68.0
2016-02-04,35.0,45.0,80.0
2016-02-05,50.0,45.0,95.0
2016-02-06,54.0,67.0,121.0
2016-02-07,46.0,27.0,73.0
2016-02-08,46.0,19.0,65.0
2016-02-09,22.0,24.0,46.0
2016-02-10,35.0,28.0,63.0
2016-02-11,44.0,24.0,68.0
2016-02-12,75.0,54.0,129.0
2016-02-13,80.0,63.0,143.0
2016-02-14,41.0,31.0,72.0
2016-02-15,38.0,31.0,69.0
2016-02-16,32.0,31.0,63.0
2016-02-17,31.0,41.0,72.0
2016-02-18,36.0,26.0,62.0
2016-02-19,78.0,18.0,96.0
2016-02-20,51.0,33.0,84.0
2016-02-21,37.0,12.0,49.0
2016-02-22,49.0,32.0,81.0
2016-02-23,31.0,25.0,56.0
2016-02-24,37.0,25.0,62.0
2016-02-25,47.0,42.0,89.0
2016-02-26,58.0,57.0,115.0
2016-02-27,61.0,58.0,119.0
2016-02-28,44.0,18.0,62.0
2016-02-29,32.0,22.0,54.0
2016-03-01,52.0,37.0,89.0
2016-03-02,70.0,34.0,104.0
2016-03-03,58.0,20.0,78.0
2016-03-04,68.0,52.0,120.0
2016-03-05,55.0,35.0,90.0
2016-03-06,36.0,18.0,54.0
2016-03-07,56.0,33.0,89.0
2016-03-08,48.0,42.0,90.0
2016-03-09,55.0,44.0,99.0
2016-03-10,55.0,26.0,81.0
2016-03-11,76.0,37.0,113.0
2016-03-12,48.0,47.0,95.0
2016-03-13,48.0,21.0,69.0
2016-03-14,49.0,41.0,90.0
2016-03-15,40.0,45.0,85.0
2016-03-16,49.0,40.0,89.0
2016-03-17,57.0,45.0,102.0
2016-03-18,55.0,39.0,94.0
2016-03-19,50.0,59.0,109.0
2016-03-20,83.0,34.0,117.0
2016-03-21,66.0,49.0,115.0
2016-03-22,44.0,41.0,85.0
2016-03-23,55.0,36.0,91.0
2016-03-24,76.0,57.0,133.0
2016-03-25,59.0,35.0,94.0
2016-03-26,39.0,18.0,57.0
2016-03-27,30.0,33.0,63.0
2016-03-28,72.0,42.0,114.0
2016-03-29,54.0,37.0,91.0
2016-03-30,43.0,45.0,88.0
2016-03-31,60.0,60.0,120.0
2016-04-01,50.0,19.0,69.0
2016-04-02,42.0,19.0,61.0
2016-04-03,42.0,24.0,66.0
2016-04-04,61.0,46.0,107.0
2016-04-05,46.0,36.0,82.0
2016-04-06,47.0,45.0,92.0
2016-04-07,50.0,37.0,87.0
2016-04-08,75.0,35.0,110.0
2016-04-09,60.0,46.0,106.0
2016-04-10,40.0,28.0,68.0
2016-04-11,78.0,42.0,120.0
2016-04-12,53.0,29.0,82.0
2016-04-13,60.0,35.0,95.0
2016-04-14,40.0,32.0,72.0
2016-04-15,60.0,25.0,85.0
2016-04-16,61.0,36.0,97.0
2016-04-17,67.0,23.0,90.0
2016-04-18,63.0,56.0,119.0
2016-04-19,32.0,30.0,62.0
2016-04-20,63.0,36.0,99.0
2016-04-21,65.0,18.0,83.0
2016-04-22,54.0,43.0,97.0
2016-04-23,61.0,44.0,105.0
2016-04-24,47.0,27.0,74.0
2016-04-25,60.0,28.0,88.0
2016-04-26,52.0,53.0,105.0
2016-04-27,48.0,32.0,80.0
2016-04-28,71.0,41.0,112.0
2016-04-29,62.0,49.0,111.0
2016-04-30,44.0,62.0,106.0
2016-05-01,31.0,25.0,56.0
2016-05-02,75.0,53.0,128.0
2016-05-03,27.0,23.0,50.0
2016-05-04,47.0,38.0,85.0
2016-05-05,67.0,38.0,105.0
2016-05-06,56.0,26.0,82.0
2016-05-07,46.0,39.0,85.0
2016-05-08,51.0,44.0,95.0
2016-05-09,82.0,33.0,115.0
2016-05-10,44.0,30.0,74.0
2016-05-11,53.0,28.0,81.0
2016-05-12,55.0,55.0,110.0
2016-05-13,62.0,17.0,79.0
2016-05-14,35.0,35.0,70.0
2016-05-15,54.0,41.0,95.0
2016-05-16,69.0,55.0,124.0
2016-05-17,69.0,39.0,108.0
2016-05-18,45.0,35.0,80.0
2016-05-19,66.0,59.0,125.0
2016-05-20,49.0,22.0,71.0
2016-05-21,80.0,31.0,111.0
2016-05-22,64.0,35.0,99.0
2016-05-23,63.0,26.0,89.0
2016-05-24,43.0,35.0,78.0
2016-05-25,37.0,36.0,73.0
2016-05-26,51.0,44.0,95.0
2016-05-27,29.0,15.0,44.0
2016-05-28,28.0,22.0,50.0
2016-05-29,80.0,27.0,107.0
2016-05-30,69.0,59.0,128.0
2016-05-31,60.0,46.0,106.0
2016-06-01,40.0,41.0,81.0
2016-06-02,63.0,46.0,109.0
2016-06-03,61.0,32.0,93.0
2016-06-04,47.0,28.0,75.0
2016-06-05,25.0,27.0,52.0
2016-06-06,98.0,34.0,132.0
2016-06-07,41.0,20.0,61.0
2016-06-08,59.0,19.0,78.0
2016-06-09,57.0,31.0,88.0
2016-06-10,63.0,30.0,93.0
2016-06-11,38.0,35.0,73.0
2016-06-12,51.0,41.0,92.0
2016-06-13,60.0,37.0,97.0
2016-06-14,51.0,17.0,68.0
2016-06-15,42.0,31.0,73.0
2016-06-16,45.0,26.0,71.0
2016-06-17,84.0,33.0,117.0
2016-06-18,43.0,31.0,74.0
2016-06-19,62.0,22.0,84.0
2016-06-20,82.0,33.0,115.0
2016-06-21,50.0,46.0,96.0
2016-06-22,41.0,24.0,65.0
2016-06-23,34.0,31.0,65.0
2016-06-24,59.0,15.0,74.0
2016-06-25,4.0,46.0,50.0
2016-06-26,118.0,36.0,154.0
2016-06-27,75.0,22.0,97.0
2016-06-28,65.0,27.0,92.0
2016-06-29,49.0,13.0,62.0
2016-06-30,57.0,39.0,96.0
2016-07-01,65.0,18.0,83.0
2016-07-02,44.0,35.0,79.0
2016-07-03,60.0,21.0,81.0
2016-07-04,58.0,40.0,98.0
2016-07-05,56.0,31.0,87.0
2016-07-06,75.0,19.0,94.0
2016-07-07,48.0,26.0,74.0
2016-07-08,60.0,24.0,84.0
2016-07-09,55.0,32.0,87.0
2016-07-10,61.0,23.0,84.0
2016-07-11,73.0,29.0,102.0
2016-07-12,62.0,25.0,87.0
2016-07-13,71.0,18.0,89.0
2016-07-14,54.0,31.0,85.0
2016-07-15,51.0,37.0,88.0
2016-07-16,64.0,38.0,102.0
2016-07-17,48.0,31.0,79.0
2016-07-18,74.0,44.0,118.0
2016-07-19,44.0,31.0,75.0
2016-07-20,56.0,28.0,84.0
2016-07-21,52.0,32.0,84.0
2016-07-22,36.0,29.0,65.0
2016-07-23,92.0,40.0,132.0
2016-07-24,55.0,32.0,87.0
2016-07-25,64.0,41.0,105.0
2016-07-26,54.0,25.0,79.0
2016-07-27,52.0,24.0,76.0
2016-07-28,60.0,29.0,89.0
2016-07-29,55.0,27.0,82.0
2016-07-30,50.0,43.0,93.0
2016-07-31,41.0,36.0,77.0
2016-08-01,77.0,56.0,133.0
2016-08-02,60.0,28.0,88.0
2016-08-03,66.0,25.0,91.0
2016-08-04,63.0,34.0,97.0
2016-08-05,55.0,25.0,80.0
2016-08-06,63.0,31.0,94.0
2016-08-07,56.0,29.0,85.0
2016-08-08,79.0,51.0,130.0
2016-08-09,58.0,22.0,80.0
2016-08-10,45.0,28.0,73.0
2016-08-11,57.0,35.0,92.0
2016-08-12,67.0,38.0,105.0
2016-08-13,73.0,40.0,113.0
2016-08-14,59.0,29.0,88.0
2016-08-15,64.0,44.0,108.0
2016-08-16,59.0,34.0,93.0
2016-08-17,59.0,27.0,86.0
2016-08-18,44.0,39.0,83.0
2016-08-19,58.0,27.0,85.0
2016-08-20,81.0,42.0,123.0
2016-08-21,73.0,29.0,102.0
2016-08-22,63.0,46.0,109.0
2016-08-23,44.0,27.0,71.0
2016-08-24,64.0,22.0,86.0
2016-08-25,53.0,24.0,77.0
2016-08-26,61.0,39.0,100.0
2016-08-27,34.0,45.0,79.0
2016-08-28,79.0,34.0,113.0
2016-08-29,65.0,41.0,106.0
2016-08-30,57.0,29.0,86.0
2016-08-31,54.0,28.0,82.0
2016-09-01,64.0,44.0,108.0
2016-09-02,62.0,35.0,97.0
2016-09-03,58.0,37.0,95.0
2016-09-04,51.0,25.0,76.0
2016-09-05,75.0,39.0,114.0
2016-09-06,48.0,18.0,66.0
2016-09-07,42.0,12.0,54.0
2016-09-08,53.0,19.0,72.0
2016-09-09,53.0,37.0,90.0
2016-09-10,46.0,37.0,83.0
2016-09-11,84.0,33.0,117.0
2016-09-12,72.0,35.0,107.0
2016-09-13,57.0,28.0,85.0
2016-09-14,46.0,30.0,76.0
2016-09-15,90.0,57.0,147.0
2016-09-16,74.0,20.0,94.0
2016-09-17,45.0,23.0,68.0
2016-09-18,65.0,51.0,116.0
2016-09-19,78.0,51.0,129.0
2016-09-20,52.0,43.0,95.0
2016-09-21,63.0,24.0,87.0
2016-09-22,69.0,20.0,89.0
2016-09-23,55.0,23.0,78.0
2016-09-24,35.0,24.0,59.0
2016-09-25,77.0,29.0,106.0
2016-09-26,68.0,51.0,119.0
2016-09-27,59.0,28.0,87.0
2016-09-28,54.0,21.0,75.0
2016-09-29,52.0,32.0,84.0
2016-09-30,56.0,29.0,85.0
2016-10-01,35.0,20.0,55.0
2016-10-02,70.0,30.0,100.0
2016-10-03,91.0,36.0,127.0
2016-10-04,54.0,33.0,87.0
2016-10-05,54.0,30.0,84.0
2016-10-06,62.0,61.0,123.0
2016-10-07,74.0,18.0,92.0
2016-10-08,38.0,24.0,62.0
2016-10-09,58.0,57.0,115.0
2016-10-10,79.0,35.0,114.0
2016-10-11,38.0,55.0,93.0
2016-10-12,42.0,66.0,108.0
2016-10-13,86.0,19.0,105.0
2016-10-14,41.0,16.0,57.0
2016-10-15,38.0,10.0,48.0
2016-10-16,67.0,53.0,120.0
2016-10-17,61.0,36.0,97.0
2016-10-18,38.0,40.0,78.0
2016-10-19,42.0,37.0,79.0
2016-10-20,55.0,56.0,111.0
2016-10-21,57.0,31.0,88.0
2016-10-22,34.0,30.0,64.0
2016-10-23,52.0,41.0,93.0
2016-10-24,51.0,43.0,94.0
2016-10-25,77.0,37.0,114.0
2016-10-26,53.0,42.0,95.0
2016-10-27,51.0,33.0,84.0
2016-10-28,81.0,47.0,128.0
2016-10-29,66.0,68.0,134.0
2016-10-30,75.0,48.0,123.0
2016-10-31,59.0,49.0,108.0
2016-11-01,49.0,29.0,78.0
2016-11-02,65.0,36.0,101.0
2016-11-03,42.0,33.0,75.0
2016-11-04,49.0,44.0,93.0
2016-11-05,29.0,49.0,78.0
2016-11-06,57.0,25.0,82.0
2016-11-07,76.0,38.0,114.0
2016-11-08,30.0,39.0,69.0
2016-11-09,22.0,31.0,53.0
2016-11-10,56.0,34.0,90.0
2016-11-11,89.0,29.0,118.0
2016-11-12,50.0,35.0,85.0
2016-11-13,57.0,31.0,88.0
2016-11-14,58.0,46.0,104.0
2016-11-15,34.0,37.0,71.0
2016-11-16,58.0,29.0,87.0
2016-11-17,48.0,39.0,87.0
2016-11-18,70.0,49.0,119.0
2016-11-19,47.0,47.0,94.0
2016-11-20,37.0,20.0,57.0
2016-11-21,100.0,29.0,129.0
2016-11-22,34.0,17.0,51.0
2016-11-23,48.0,24.0,72.0
2016-11-24,40.0,28.0,68.0
2016-11-25,76.0,33.0,109.0
2016-11-26,37.0,36.0,73.0
2016-11-27,34.0,12.0,46.0
2016-11-28,47.0,28.0,75.0
2016-11-29,36.0,28.0,64.0
2016-11-30,26.0,13.0,39.0
2016-12-01,35.0,34.0,69.0
2016-12-02,49.0,38.0,87.0
2016-12-03,50.0,38.0,88.0
2016-12-04,36.0,14.0,50.0
2016-12-05,55.0,26.0,81.0
2016-12-06,32.0,19.0,51.0
2016-12-07,47.0,19.0,66.0
2016-12-08,80.0,36.0,116.0
2016-12-09,45.0,16.0,61.0
2016-12-10,37.0,29.0,66.0
2016-12-11,11.0,11.0,22.0
2016-12-12,23.0,28.0,51.0
2016-12-13,34.0,25.0,59.0
2016-12-14,30.0,29.0,59.0
2016-12-15,20.0,27.0,47.0
2016-12-16,32.0,37.0,69.0
2016-12-17,35.0,38.0,73.0
2016-12-18,32.0,12.0,44.0
2016-12-19,36.0,33.0,69.0
2016-12-20,29.0,21.0,50.0
2016-12-21,34.0,23.0,57.0
2016-12-22,30.0,33.0,63.0
2016-12-23,32.0,37.0,69.0
2016-12-24,33.0,46.0,79.0
2016-12-25,31.0,16.0,47.0
2016-12-26,39.0,28.0,67.0
2016-12-27,88.0,30.0,118.0
2016-12-28,53.0,25.0,78.0
2016-12-29,53.0,26.0,79.0
2016-12-30,51.0,58.0,109.0
2016-12-31,24.0,22.0,46.0
2017-01-01,42.0,13.0,55.0
2017-01-02,71.0,38.0,109.0
2017-01-03,54.0,21.0,75.0
2017-01-04,36.0,24.0,60.0
2017-01-05,29.0,28.0,57.0
2017-01-06,32.0,37.0,69.0
2017-01-07,32.0,29.0,61.0
2017-01-08,28.0,23.0,51.0
2017-01-09,31.0,25.0,56.0
2017-01-10,35.0,28.0,63.0
2017-01-11,27.0,16.0,43.0
2017-01-12,40.0,35.0,75.0
2017-01-13,37.0,16.0,53.0
2017-01-14,38.0,42.0,80.0
2017-01-15,29.0,17.0,46.0
2017-01-16,38.0,53.0,91.0
2017-01-17,25.0,23.0,48.0
2017-01-18,61.0,24.0,85.0
2017-01-19,37.0,40.0,77.0
2017-01-20,34.0,15.0,49.0
2017-01-21,32.0,43.0,75.0
2017-01-22,42.0,17.0,59.0
2017-01-23,41.0,25.0,66.0
2017-01-24,30.0,32.0,62.0
2017-01-25,44.0,36.0,80.0
2017-01-26,29.0,45.0,74.0
2017-01-27,42.0,58.0,100.0
2017-01-28,34.0,37.0,71.0
2017-01-29,24.0,27.0,51.0
2017-01-30,30.0,47.0,77.0
2017-01-31,32.0,29.0,61.0
2017-02-01,24.0,24.0,48.0
2017-02-02,52.0,22.0,74.0
2017-02-03,40.0,37.0,77.0
2017-02-04,47.0,53.0,100.0
2017-02-05,42.0,12.0,54.0
2017-02-06,29.0,38.0,67.0
2017-02-07,35.0,22.0,57.0
2017-02-08,28.0,31.0,59.0
2017-02-09,55.0,38.0,93.0
2017-02-10,60.0,44.0,104.0
2017-02-11,40.0,42.0,82.0
2017-02-12,64.0,28.0,92.0
2017-02-13,69.0,47.0,116.0
2017-02-14,50.0,43.0,93.0
2017-02-15,43.0,26.0,69.0
2017-02-16,39.0,39.0,78.0
2017-02-17,43.0,62.0,105.0
2017-02-18,33.0,55.0,88.0
2017-02-19,65.0,26.0,91.0
2017-02-20,61.0,48.0,109.0
2017-02-21,39.0,36.0,75.0
2017-02-22,36.0,43.0,79.0
2017-02-23,44.0,37.0,81.0
2017-02-24,56.0,30.0,86.0
2017-02-25,51.0,67.0,118.0
2017-02-26,81.0,40.0,121.0
2017-02-27,69.0,27.0,96.0
2017-02-28,30.0,32.0,62.0
2017-03-01,49.0,39.0,88.0
2017-03-02,64.0,67.0,131.0
2017-03-03,68.0,15.0,83.0
2017-03-04,38.0,17.0,55.0
2017-03-05,63.0,36.0,99.0
2017-03-06,62.0,27.0,89.0
2017-03-07,48.0,33.0,81.0
2017-03-08,47.0,21.0,68.0
2017-03-09,46.0,45.0,91.0
2017-03-10,59.0,31.0,90.0
2017-03-11,54.0,36.0,90.0
2017-03-12,37.0,25.0,62.0
2017-03-13,70.0,36.0,106.0
2017-03-14,66.0,35.0,101.0
2017-03-15,65.0,32.0,97.0
2017-03-16,68.0,31.0,99.0
2017-03-17,73.0,16.0,89.0
2017-03-18,50.0,35.0,85.0
2017-03-19,65.0,34.0,99.0
2017-03-20,63.0,33.0,96.0
2017-03-21,42.0,21.0,63.0
2017-03-22,46.0,14.0,60.0
2017-03-23,55.0,20.0,75.0
2017-03-24,51.0,16.0,67.0
2017-03-25,45.0,35.0,80.0
2017-03-26,60.0,20.0,80.0
2017-03-27,54.0,22.0,76.0
2017-03-28,31.0,31.0,62.0
2017-03-29,74.0,50.0,124.0
2017-03-30,66.0,38.0,104.0
2017-03-31,62.0,50.0,112.0
2017-04-01,56.0,27.0,83.0
2017-04-02,45.0,21.0,66.0
2017-04-03,66.0,36.0,102.0
2017-04-04,38.0,22.0,60.0
2017-04-05,64.0,62.0,126.0
2017-04-06,59.0,24.0,83.0
2017-04-07,54.0,21.0,75.0
2017-04-08,45.0,45.0,90.0
2017-04-09,70.0,55.0,125.0
2017-04-10,80.0,35.0,115.0
2017-04-11,54.0,39.0,93.0
2017-04-12,44.0,31.0,75.0
2017-04-13,66.0,52.0,118.0
2017-04-14,60.0,42.0,102.0
2017-04-15,58.0,28.0,86.0
2017-04-16,48.0,29.0,77.0
2017-04-17,68.0,43.0,111.0
2017-04-18,44.0,40.0,84.0
2017-04-19,39.0,36.0,75.0
2017-04-20,41.0,29.0,70.0
2017-04-21,59.0,21.0,80.0
2017-04-22,29.0,52.0,81.0
2017-04-23,60.0,30.0,90.0
2017-04-24,60.0,15.0,75.0
2017-04-25,38.0,25.0,63.0
2017-04-26,50.0,20.0,70.0
2017-04-27,65.0,36.0,101.0
2017-04-28,92.0,37.0,129.0
2017-04-29,62.0,83.0,145.0
2017-04-30,46.0,39.0,85.0
2017-05-01,73.0,36.0,109.0
2017-05-02,78.0,38.0,116.0
2017-05-03,46.0,39.0,85.0
2017-05-04,60.0,35.0,95.0
2017-05-05,78.0,32.0,110.0
2017-05-06,64.0,23.0,87.0
2017-05-07,47.0,36.0,83.0
2017-05-08,64.0,51.0,115.0
2017-05-09,82.0,40.0,122.0
2017-05-10,62.0,14.0,76.0
2017-05-11,65.0,27.0,92.0
2017-05-12,48.0,33.0,81.0
2017-05-13,57.0,39.0,96.0
2017-05-14,76.0,33.0,109.0
2017-05-15,60.0,54.0,114.0
2017-05-16,46.0,40.0,86.0
2017-05-17,66.0,31.0,97.0
2017-05-18,69.0,37.0,106.0
2017-05-19,67.0,13.0,80.0
2017-05-20,71.0,25.0,96.0
2017-05-21,67.0,30.0,97.0
2017-05-22,63.0,38.0,101.0
2017-05-23,61.0,42.0,103.0
2017-05-24,69.0,43.0,112.0
2017-05-25,71.0,75.0,146.0
2017-05-26,69.0,20.0,89.0
2017-05-27,37.0,16.0,53.0
2017-05-28,60.0,65.0,125.0
2017-05-29,69.0,41.0,110.0
2017-05-30,54.0,28.0,82.0
2017-05-31,53.0,27.0,80.0
2017-06-01,60.0,53.0,113.0
2017-06-02,74.0,45.0,119.0
2017-06-03,56.0,44.0,100.0
2017-06-04,54.0,35.0,89.0
2017-06-05,87.0,22.0,109.0
2017-06-06,62.0,26.0,88.0
2017-06-07,47.0,25.0,72.0
2017-06-08,73.0,34.0,107.0
2017-06-09,54.0,34.0,88.0
2017-06-10,42.0,49.0,91.0
2017-06-11,83.0,42.0,125.0
2017-06-12,73.0,28.0,101.0
2017-06-13,44.0,31.0,75.0
2017-06-14,46.0,26.0,72.0
2017-06-15,62.0,45.0,107.0
2017-06-16,54.0,26.0,80.0
2017-06-17,54.0,34.0,88.0
2017-06-18,59.0,27.0,86.0
2017-06-19,75.0,31.0,106.0
2017-06-20,73.0,27.0,100.0
2017-06-21,52.0,26.0,78.0
2017-06-22,54.0,36.0,90.0
2017-06-23,49.0,33.0,82.0
2017-06-24,40.0,44.0,84.0
2017-06-25,44.0,25.0,69.0
2017-06-26,51.0,36.0,87.0
2017-06-27,84.0,16.0,100.0
2017-06-28,74.0,19.0,93.0
2017-06-29,60.0,26.0,86.0
2017-06-30,61.0,45.0,106.0
2017-07-01,47.0,50.0,97.0
2017-07-02,53.0,32.0,85.0
2017-07-03,69.0,37.0,106.0
2017-07-04,51.0,29.0,80.0
2017-07-05,42.0,24.0,66.0
2017-07-06,90.0,26.0,116.0
2017-07-07,64.0,27.0,91.0
2017-07-08,59.0,34.0,93.0
2017-07-09,69.0,49.0,118.0
2017-07-10,72.0,42.0,114.0
2017-07-11,66.0,43.0,109.0
2017-07-12,60.0,34.0,94.0
2017-07-13,44.0,40.0,84.0
2017-07-14,44.0,37.0,81.0
2017-07-15,97.0,41.0,138.0
2017-07-16,64.0,31.0,95.0
2017-07-17,72.0,36.0,108.0
2017-07-18,58.0,34.0,92.0
2017-07-19,45.0,24.0,69.0
2017-07-20,57.0,30.0,87.0
2017-07-21,58.0,30.0,88.0
2017-07-22,49.0,23.0,72.0
2017-07-23,54.0,32.0,86.0
2017-07-24,87.0,45.0,132.0
2017-07-25,55.0,29.0,84.0
2017-07-26,53.0,17.0,70.0
2017-07-27,56.0,35.0,91.0
2017-07-28,44.0,33.0,77.0
2017-07-29,64.0,31.0,95.0
2017-07-30,51.0,37.0,88.0
2017-07-31,73.0,31.0,104.0
2017-08-01,53.0,42.0,95.0
2017-08-02,53.0,29.0,82.0
2017-08-03,71.0,26.0,97.0
2017-08-04,55.0,32.0,87.0
2017-08-05,48.0,35.0,83.0
2017-08-06,43.0,42.0,85.0
2017-08-07,77.0,47.0,124.0
2017-08-08,43.0,36.0,79.0
2017-08-09,56.0,19.0,75.0
2017-08-10,52.0,28.0,80.0
2017-08-11,41.0,25.0,66.0
2017-08-12,65.0,36.0,101.0
2017-08-13,51.0,36.0,87.0
2017-08-14,60.0,34.0,94.0
2017-08-15,60.0,28.0,88.0
2017-08-16,58.0,36.0,94.0
2017-08-17,62.0,40.0,102.0
2017-08-18,60.0,35.0,95.0
2017-08-19,61.0,36.0,97.0
2017-08-20,76.0,35.0,111.0
2017-08-21,63.0,37.0,100.0
2017-08-22,40.0,28.0,68.0
2017-08-23,54.0,27.0,81.0
2017-08-24,52.0,34.0,86.0
2017-08-25,45.0,35.0,80.0
2017-08-26,40.0,30.0,70.0
2017-08-27,75.0,39.0,114.0
2017-08-28,50.0,40.0,90.0
2017-08-29,56.0,21.0,77.0
2017-08-30,32.0,27.0,59.0
2017-08-31,38.0,39.0,77.0
